Destination,Destination_Name,Distance_Miles,Path,Path_Names
984,Irma Drive and Valerie Way,0.184672,993 -> 989 -> 986 -> 988 -> 984,Irma Drive and Iris Court -> Irma Drive and Freemark Avenue -> Irma Drive and Sophie Court -> Irma Drive and Benina Court -> Irma Drive and Valerie Way
986,Irma Drive and Sophie Court,0.101656,993 -> 989 -> 986,Irma Drive and Iris Court -> Irma Drive and Freemark Avenue -> Irma Drive and Sophie Court
987,Irma Drive and Annette Court,0.216175,993 -> 989 -> 986 -> 988 -> 984 -> 987,Irma Drive and Iris Court -> Irma Drive and Freemark Avenue -> Irma Drive and Sophie Court -> Irma Drive and Benina Court -> Irma Drive and Valerie Way -> Irma Drive and Annette Court
988,Irma Drive and Benina Court,0.154286,993 -> 989 -> 986 -> 988,Irma Drive and Iris Court -> Irma Drive and Freemark Avenue -> Irma Drive and Sophie Court -> Irma Drive and Benina Court
989,Irma Drive and Freemark Avenue,0.0370959,993 -> 989,Irma Drive and Iris Court -> Irma Drive and Freemark Avenue
990,Irma Drive and Stephanie Drive,0.313544,993 -> 989 -> 986 -> 988 -> 984 -> 987 -> 992 -> 990,Irma Drive and Iris Court -> Irma Drive and Freemark Avenue -> Irma Drive and Sophie Court -> Irma Drive and Benina Court -> Irma Drive and Valerie Way -> Irma Drive and Annette Court -> Irma Drive and Jovan Court -> Irma Drive and Stephanie Drive
992,Irma Drive and Jovan Court,0.271663,993 -> 989 -> 986 -> 988 -> 984 -> 987 -> 992,Irma Drive and Iris Court -> Irma Drive and Freemark Avenue -> Irma Drive and Sophie Court -> Irma Drive and Benina Court -> Irma Drive and Valerie Way -> Irma Drive and Annette Court -> Irma Drive and Jovan Court
4702,Athena Drive and Valerie Way,0.231274,993 -> 989 -> 986 -> 988 -> 984 -> 4702,Irma Drive and Iris Court -> Irma Drive and Freemark Avenue -> Irma Drive and Sophie Court -> Irma Drive and Benina Court -> Irma Drive and Valerie Way -> Athena Drive and Valerie Way
4704,Athena Drive and Stephanie Drive,0.363005,993 -> 989 -> 986 -> 988 -> 984 -> 987 -> 992 -> 990 -> 4704,Irma Drive and Iris Court -> Irma Drive and Freemark Avenue -> Irma Drive and Sophie Court -> Irma Drive and Benina Court -> Irma Drive and Valerie Way -> Irma Drive and Annette Court -> Irma Drive and Jovan Court -> Irma Drive and Stephanie Drive -> Athena Drive and Stephanie Drive
4705,Athena Drive and Freemark Avenue,0.0893532,993 -> 989 -> 4705,Irma Drive and Iris Court -> Irma Drive and Freemark Avenue -> Athena Drive and Freemark Avenue
16594,Catherine A.  Hostetler Boulevard and Valerie Way,0.273465,993 -> 989 -> 4705 -> 52700 -> 16600 -> 16594,Irma Drive and Iris Court -> Irma Drive and Freemark Avenue -> Athena Drive and Freemark Avenue -> Sami Jo Drive and Freemark Avenue -> Catherine A.  Hostetler Boulevard and Freemark Avenue -> Catherine A.  Hostetler Boulevard and Valerie Way
16599,Catherine A.  Hostetler Boulevard and Stephanie Drive,0.465966,993 -> 989 -> 986 -> 988 -> 984 -> 987 -> 992 -> 990 -> 4704 -> 52699 -> 16599,Irma Drive and Iris Court -> Irma Drive and Freemark Avenue -> Irma Drive and Sophie Court -> Irma Drive and Benina Court -> Irma Drive and Valerie Way -> Irma Drive and Annette Court -> Irma Drive and Jovan Court -> Irma Drive and Stephanie Drive -> Athena Drive and Stephanie Drive -> Sami Jo Drive and Stephanie Drive -> Catherine A.  Hostetler Boulevard and Stephanie Drive
16600,Catherine A.  Hostetler Boulevard and Freemark Avenue,0.18753,993 -> 989 -> 4705 -> 52700 -> 16600,Irma Drive and Iris Court -> Irma Drive and Freemark Avenue -> Athena Drive and Freemark Avenue -> Sami Jo Drive and Freemark Avenue -> Catherine A.  Hostetler Boulevard and Freemark Avenue
52697,Sami Jo Drive and Valerie Way,0.281668,993 -> 989 -> 986 -> 988 -> 984 -> 4702 -> 52697,Irma Drive and Iris Court -> Irma Drive and Freemark Avenue -> Irma Drive and Sophie Court -> Irma Drive and Benina Court -> Irma Drive and Valerie Way -> Athena Drive and Valerie Way -> Sami Jo Drive and Valerie Way
52699,Sami Jo Drive and Stephanie Drive,0.412777,993 -> 989 -> 986 -> 988 -> 984 -> 987 -> 992 -> 990 -> 4704 -> 52699,Irma Drive and Iris Court -> Irma Drive and Freemark Avenue -> Irma Drive and Sophie Court -> Irma Drive and Benina Court -> Irma Drive and Valerie Way -> Irma Drive and Annette Court -> Irma Drive and Jovan Court -> Irma Drive and Stephanie Drive -> Athena Drive and Stephanie Drive -> Sami Jo Drive and Stephanie Drive
52700,Sami Jo Drive and Freemark Avenue,0.138442,993 -> 989 -> 4705 -> 52700,Irma Drive and Iris Court -> Irma Drive and Freemark Avenue -> Athena Drive and Freemark Avenue -> Sami Jo Drive and Freemark Avenue
